<?xml version="1.0" encoding="UTF-8"?>
<project-private xmlns="http://www.netbeans.org/ns/project-private/1">
    <editor-bookmarks xmlns="http://www.netbeans.org/ns/editor-bookmarks/2" lastBookmarkId="0"/>
    <open-files xmlns="http://www.netbeans.org/ns/projectui-open-files/2">
        <group>
            <file>file:/E:/xampp/htdocs/wordpress-plugin/wp-content/plugins/demo-plugin/view/add-user.php</file>
            <file>file:/E:/xampp/htdocs/wordpress-plugin/wp-content/plugins/demo-plugin/demo.php</file>
        </group>
    </open-files>
</project-private>
